{
"word_entry_label":{
		"fr":"Entrer le mot le plus long ...",
		"en":"Enter the longest word"},
		
"word_entry_label_word_enterred" : {
		"fr":"Vous avez entre le mot :"},
		
"word_entry_submit":{
		"fr":"Valider le mot"},
		
"word_entry_button_word_enterred" : {
		"fr":"Mot valide"},
		
"title" : {
		"fr":"Le mot le plus long"},
		
"author" : {
		"fr":"Un jeu par les hommes dauphin !"},
		
"add_consonnent" : {
		"fr":"Ajouter une consonne"},
		
"add_vowel" : {
		"fr":"Ajouter une voyelle"},
		
"enter_longer_word" : {
		"fr":"Veuillez entrer un mot plus long"},
		
"enter_smaller_word" : {
		"fr":"Veuillez entrer un mot plus court"},
		
"letters_displayer_label" : {
		"fr":"Lettres tirees :"},
		
"instructions" : {
		"fr":""" REGLES DU JEU :
Selectionnez 9 lettres en appuyant sur les boutons consonnes ou voyelles. Attention : 2 voyelles minimum !
Apres cela, vous devez trouver le mot le lus long avec ces 9 lettres, puis le saisir.
L'ordinateur va lui aussi chercher et vous donnera les solutions possibles."""},

"solutions_label" : {
		"fr":"Solutions :"},
		
"reset_letters" : {
		"fr":"Pas de solutions disponibles, reinitialisation"
		},
		
		
"word_not_possible" : {
		"fr":"Mot impossible !"},
		
"win_title" : {
		"fr":"Le mot le plus long"},
		
"best_word" : {
		"fr":"Ce mot est un des meilleurs mots !"},
		
"good_word" : {
		"fr":"Ce mot est valide mais il n'est pas le meilleur mot."},

"wrong_word" : {
		"fr":"Ce mot ne fait pas partie des solutions."},

"longest_word" : {
		"fr" : "Un des mots les plus longs est : {} ( {} lettres)"},
		
"restart_button" : {
		"fr" : "Redemarrer une partie"},

}

